site_no,station_nm,lat,lon,distance_to_domain_centroid_km,forcing_id,missing_fraction_after_interp
08077600,"Clear Ck nr Friendswood, TX",29.51745517,-95.178544,20.969531556860424,1,0.0
08075605,"Berry Bayou at Nevada St, Houston, TX",29.65661915,-95.2291011,32.32234663447321,2,0.0
08067525,"Goose Ck at Baytown, TX",29.77078197,-94.9996503,32.91637052734688,3,0.0
08075730,"Vince Bayou at Pasadena, TX",29.69467363,-95.216323,34.22270603548178,4,0.0
08076997,"Clear Ck at Mykawa St nr Pearland, TX",29.5968991,-95.2974366,34.661541134072074,5,0.0
08078000,"Chocolate Bayou nr Alvin, TX",29.37154704,-95.3230673,36.37942683478201,6,0.0
08075500,"Sims Bayou at Houston, TX",29.67439687,-95.2893807,38.1735366023725,7,0.0
08075110,"Brays Bayou at MLK Jr Blvd, Houston, TX",29.71416667,-95.3388889,44.63843486087934,8,0.0
08075770,"Hunting Bayou at IH 610, Houston, TX",29.79328217,-95.2679907,45.708534548728636,9,0.0
